[
  {
    "id": "e90759a5-e656-457e-88a3-80ab1419cfa2",
    "data": [
      {
        "text": "Ok",
        "alias": "comment",
        "meta": "@comment",
        "userDefined": false
      },
      {
        "text": " ",
        "userDefined": false
      },
      {
        "text": "commentaire",
        "alias": "comment1",
        "meta": "@comment",
        "userDefined": false
      }
    ],
    "isTemplate": false,
    "count": 0,
    "updated": 0
  },
  {
    "id": "98661022-a870-4b0b-85c9-0596f7ccb789",
    "data": [
      {
        "text": "J\u0027aimerai ",
        "userDefined": false
      },
      {
        "text": "faire",
        "alias": "comment",
        "meta": "@comment",
        "userDefined": false
      },
      {
        "text": " ",
        "userDefined": false
      },
      {
        "text": "un",
        "alias": "number",
        "meta": "@sys.number",
        "userDefined": false
      },
      {
        "text": " ",
        "userDefined": false
      },
      {
        "text": "commentaire",
        "alias": "comment1",
        "meta": "@comment",
        "userDefined": false
      }
    ],
    "isTemplate": false,
    "count": 0,
    "updated": 0
  },
  {
    "id": "cca62791-5534-403f-917d-ea8449c74b58",
    "data": [
      {
        "text": "Je veux ",
        "userDefined": false
      },
      {
        "text": "laisser",
        "alias": "comment",
        "meta": "@comment",
        "userDefined": false
      },
      {
        "text": " ",
        "userDefined": false
      },
      {
        "text": "un",
        "alias": "number",
        "meta": "@sys.number",
        "userDefined": false
      },
      {
        "text": " ",
        "userDefined": false
      },
      {
        "text": "commentaire",
        "alias": "comment1",
        "meta": "@comment",
        "userDefined": false
      }
    ],
    "isTemplate": false,
    "count": 0,
    "updated": 0
  }
]