[
  {
    "id": "a5ced2f5-22ef-4571-948f-5fd8bf6d39d8",
    "data": [
      {
        "text": "Magnifique",
        "alias": "getComment",
        "meta": "@getComment",
        "userDefined": false
      },
      {
        "text": " ",
        "userDefined": false
      },
      {
        "text": "coup",
        "alias": "getComment1",
        "meta": "@getComment",
        "userDefined": false
      },
      {
        "text": " sur la ",
        "userDefined": false
      },
      {
        "text": "ligne",
        "alias": "getComment2",
        "meta": "@getComment",
        "userDefined": false
      },
      {
        "text": " !",
        "userDefined": false
      }
    ],
    "isTemplate": false,
    "count": 0,
    "updated": 0
  },
  {
    "id": "04f73502-fa37-4341-905b-dc248f30d028",
    "data": [
      {
        "text": "Wouah",
        "alias": "getComment",
        "meta": "@getComment",
        "userDefined": false
      },
      {
        "text": " ! Quel ",
        "userDefined": false
      },
      {
        "text": "retour",
        "alias": "getComment1",
        "meta": "@getComment",
        "userDefined": false
      },
      {
        "text": " de Federer !",
        "userDefined": false
      }
    ],
    "isTemplate": false,
    "count": 0,
    "updated": 0
  }
]