[
  {
    "id": "cb83f8ac-a99a-40a1-8d12-c51515537af3",
    "data": [
      {
        "text": "oui",
        "alias": "getAnswerVideo",
        "meta": "@getAnswerVideo",
        "userDefined": false
      }
    ],
    "isTemplate": false,
    "count": 0,
    "updated": 0
  },
  {
    "id": "5ae645d7-cc2d-4a08-89f5-38cb19d08f08",
    "data": [
      {
        "text": "Oui",
        "alias": "getAnswerVideo",
        "meta": "@getAnswerVideo",
        "userDefined": false
      },
      {
        "text": ", je veux ",
        "userDefined": false
      },
      {
        "text": "laisser",
        "alias": "comment",
        "meta": "@comment",
        "userDefined": false
      },
      {
        "text": " ce ",
        "userDefined": false
      },
      {
        "text": "commentaire",
        "alias": "comment1",
        "meta": "@comment",
        "userDefined": false
      }
    ],
    "isTemplate": false,
    "count": 0,
    "updated": 0
  }
]