[
  {
    "id": "24ca71a1-d808-4560-967f-e05de7b6b1b7",
    "data": [
      {
        "text": "Je veux ",
        "userDefined": false
      },
      {
        "text": "voir",
        "alias": "video",
        "meta": "@video",
        "userDefined": false
      },
      {
        "text": " le ",
        "userDefined": false
      },
      {
        "text": "résumé",
        "alias": "video1",
        "meta": "@video",
        "userDefined": false
      },
      {
        "text": " du dernier ",
        "userDefined": false
      },
      {
        "text": "match",
        "alias": "video2",
        "meta": "@video",
        "userDefined": false
      },
      {
        "text": " ",
        "userDefined": false
      },
      {
        "text": "Djokovic",
        "alias": "video3",
        "meta": "@video",
        "userDefined": false
      },
      {
        "text": " ",
        "userDefined": false
      },
      {
        "text": "contre",
        "alias": "video4",
        "meta": "@video",
        "userDefined": false
      },
      {
        "text": " ",
        "userDefined": false
      },
      {
        "text": "Federer",
        "alias": "video5",
        "meta": "@video",
        "userDefined": false
      }
    ],
    "isTemplate": false,
    "count": 0,
    "updated": 0
  },
  {
    "id": "b51a29b7-bd2a-4d3c-814c-09caf49f61da",
    "data": [
      {
        "text": "Je veux voir ",
        "userDefined": false
      },
      {
        "text": "un",
        "alias": "number",
        "meta": "@sys.number",
        "userDefined": false
      },
      {
        "text": " ",
        "userDefined": false
      },
      {
        "text": "match",
        "alias": "video",
        "meta": "@video",
        "userDefined": false
      },
      {
        "text": " de ",
        "userDefined": false
      },
      {
        "text": "tennis",
        "alias": "video1",
        "meta": "@video",
        "userDefined": false
      }
    ],
    "isTemplate": false,
    "count": 0,
    "updated": 0
  }
]