[
  {
    "id": "37153c65-6840-413e-bd4d-64add75f7fbe",
    "data": [
      {
        "text": "Comparaison",
        "alias": "stats",
        "meta": "@stats",
        "userDefined": false
      },
      {
        "text": " des joueurs",
        "userDefined": false
      }
    ],
    "isTemplate": false,
    "count": 0,
    "updated": 0
  },
  {
    "id": "53926584-a308-4e14-bc03-1eeac5e0a227",
    "data": [
      {
        "text": "Voir les ",
        "userDefined": false
      },
      {
        "text": "stats",
        "alias": "stats",
        "meta": "@stats",
        "userDefined": false
      }
    ],
    "isTemplate": false,
    "count": 0,
    "updated": 0
  },
  {
    "id": "c4f6a104-6a84-4318-a797-9ba9b089398d",
    "data": [
      {
        "text": "Visualisez les ",
        "userDefined": false
      },
      {
        "text": "statistiques",
        "alias": "stats",
        "meta": "@stats",
        "userDefined": false
      }
    ],
    "isTemplate": false,
    "count": 0,
    "updated": 0
  }
]