[
  {
    "id": "8c2be7a7-4ad6-4e14-8200-8eacf5006ebd",
    "data": [
      {
        "text": "Ok",
        "alias": "welcome",
        "meta": "@welcome",
        "userDefined": false
      },
      {
        "text": " ",
        "userDefined": false
      },
      {
        "text": "TennisHub",
        "alias": "welcome1",
        "meta": "@welcome",
        "userDefined": false
      }
    ],
    "isTemplate": false,
    "count": 0,
    "updated": 0
  },
  {
    "id": "1af19651-95b2-4dbb-91ec-d769bc615a19",
    "data": [
      {
        "text": "Parler",
        "alias": "welcome",
        "meta": "@welcome",
        "userDefined": false
      },
      {
        "text": " ",
        "userDefined": false
      },
      {
        "text": "avec",
        "alias": "welcome1",
        "meta": "@welcome",
        "userDefined": false
      },
      {
        "text": " ",
        "userDefined": false
      },
      {
        "text": "Tennis",
        "alias": "video",
        "meta": "@video",
        "userDefined": false
      },
      {
        "text": " Hub",
        "userDefined": false
      }
    ],
    "isTemplate": false,
    "count": 0,
    "updated": 0
  }
]